-- phpMyAdmin SQL Dump
-- version 5.2.1
-- https://www.phpmyadmin.net/
--
-- Hôte : 127.0.0.1
-- Généré le : lun. 06 nov. 2023 à 09:06
-- Version du serveur : 10.4.28-MariaDB
-- Version de PHP : 8.2.4

SET SQL_MODE = "NO_AUTO_VALUE_ON_ZERO";
START TRANSACTION;
SET time_zone = "+00:00";


/*!40101 SET @OLD_CHARACTER_SET_CLIENT=@@CHARACTER_SET_CLIENT */;
/*!40101 SET @OLD_CHARACTER_SET_RESULTS=@@CHARACTER_SET_RESULTS */;
/*!40101 SET @OLD_COLLATION_CONNECTION=@@COLLATION_CONNECTION */;
/*!40101 SET NAMES utf8mb4 */;

--
-- Base de données : `pointage`
--

-- --------------------------------------------------------

CREATE DATABASE pointage_exemple;

--
-- Structure de la table `calendrier`
--

CREATE TABLE `calendrier` (
  `jour` date NOT NULL,
  `is_ferie` tinyint(1) NOT NULL DEFAULT 0
) ENGINE=InnoDB DEFAULT CHARSET=utf8mb4 COLLATE=utf8mb4_general_ci;

--
-- Déchargement des données de la table `calendrier`
--

INSERT INTO `calendrier` (`jour`, `is_ferie`) VALUES
('2023-01-01', 0),
('2023-01-02', 0),
('2023-01-03', 0),
('2023-01-04', 0),
('2023-01-05', 0),
('2023-01-06', 0),
('2023-01-07', 0),
('2023-01-08', 0),
('2023-01-09', 0),
('2023-01-10', 0),
('2023-01-11', 0),
('2023-01-12', 0),
('2023-01-13', 0),
('2023-01-14', 0),
('2023-01-15', 0),
('2023-01-16', 0),
('2023-01-17', 0),
('2023-01-18', 0),
('2023-01-19', 0),
('2023-01-20', 0),
('2023-01-21', 0),
('2023-01-22', 0),
('2023-01-23', 0),
('2023-01-24', 0),
('2023-01-25', 0),
('2023-01-26', 0),
('2023-01-27', 0),
('2023-01-28', 0),
('2023-01-29', 0),
('2023-01-30', 0),
('2023-01-31', 0),
('2023-02-01', 0),
('2023-02-02', 0),
('2023-02-03', 0),
('2023-02-04', 0),
('2023-02-05', 0),
('2023-02-06', 0),
('2023-02-07', 0),
('2023-02-08', 0),
('2023-02-09', 0),
('2023-02-10', 0),
('2023-02-11', 0),
('2023-02-12', 0),
('2023-02-13', 0),
('2023-02-14', 0),
('2023-02-15', 0),
('2023-02-16', 0),
('2023-02-17', 0),
('2023-02-18', 0),
('2023-02-19', 0),
('2023-02-20', 0),
('2023-02-21', 0),
('2023-02-22', 0),
('2023-02-23', 0),
('2023-02-24', 0),
('2023-02-25', 0),
('2023-02-26', 0),
('2023-02-27', 0),
('2023-02-28', 0),
('2023-03-01', 0),
('2023-03-02', 0),
('2023-03-03', 0),
('2023-03-04', 0),
('2023-03-05', 0),
('2023-03-06', 0),
('2023-03-07', 0),
('2023-03-08', 0),
('2023-03-09', 0),
('2023-03-10', 0),
('2023-03-11', 0),
('2023-03-12', 0),
('2023-03-13', 0),
('2023-03-14', 0),
('2023-03-15', 0),
('2023-03-16', 0),
('2023-03-17', 0),
('2023-03-18', 0),
('2023-03-19', 0),
('2023-03-20', 0),
('2023-03-21', 0),
('2023-03-22', 0),
('2023-03-23', 0),
('2023-03-24', 0),
('2023-03-25', 0),
('2023-03-26', 0),
('2023-03-27', 0),
('2023-03-28', 0),
('2023-03-29', 0),
('2023-03-30', 0),
('2023-03-31', 0),
('2023-04-01', 0),
('2023-04-02', 0),
('2023-04-03', 0),
('2023-04-04', 0),
('2023-04-05', 0),
('2023-04-06', 0),
('2023-04-07', 0),
('2023-04-08', 0),
('2023-04-09', 0),
('2023-04-10', 0),
('2023-04-11', 0),
('2023-04-12', 0),
('2023-04-13', 0),
('2023-04-14', 0),
('2023-04-15', 0),
('2023-04-16', 0),
('2023-04-17', 0),
('2023-04-18', 0),
('2023-04-19', 0),
('2023-04-20', 0),
('2023-04-21', 0),
('2023-04-22', 0),
('2023-04-23', 0),
('2023-04-24', 0),
('2023-04-25', 0),
('2023-04-26', 0),
('2023-04-27', 0),
('2023-04-28', 0),
('2023-04-29', 0),
('2023-04-30', 0),
('2023-05-01', 0),
('2023-05-02', 0),
('2023-05-03', 0),
('2023-05-04', 0),
('2023-05-05', 0),
('2023-05-06', 0),
('2023-05-07', 0),
('2023-05-08', 0),
('2023-05-09', 0),
('2023-05-10', 0),
('2023-05-11', 0),
('2023-05-12', 0),
('2023-05-13', 0),
('2023-05-14', 0),
('2023-05-15', 0),
('2023-05-16', 0),
('2023-05-17', 0),
('2023-05-18', 0),
('2023-05-19', 0),
('2023-05-20', 0),
('2023-05-21', 0),
('2023-05-22', 0),
('2023-05-23', 0),
('2023-05-24', 0),
('2023-05-25', 0),
('2023-05-26', 0),
('2023-05-27', 0),
('2023-05-28', 0),
('2023-05-29', 0),
('2023-05-30', 0),
('2023-05-31', 0),
('2023-06-01', 0),
('2023-06-02', 0),
('2023-06-03', 0),
('2023-06-04', 0),
('2023-06-05', 0),
('2023-06-06', 0),
('2023-06-07', 0),
('2023-06-08', 0),
('2023-06-09', 0),
('2023-06-10', 0),
('2023-06-11', 0),
('2023-06-12', 0),
('2023-06-13', 0),
('2023-06-14', 0),
('2023-06-15', 0),
('2023-06-16', 0),
('2023-06-17', 0),
('2023-06-18', 0),
('2023-06-19', 0),
('2023-06-20', 0),
('2023-06-21', 0),
('2023-06-22', 0),
('2023-06-23', 0),
('2023-06-24', 0),
('2023-06-25', 0),
('2023-06-26', 0),
('2023-06-27', 0),
('2023-06-28', 0),
('2023-06-29', 0),
('2023-06-30', 0),
('2023-07-01', 0),
('2023-07-02', 0),
('2023-07-03', 0),
('2023-07-04', 0),
('2023-07-05', 0),
('2023-07-06', 0),
('2023-07-07', 0),
('2023-07-08', 0),
('2023-07-09', 0),
('2023-07-10', 0),
('2023-07-11', 0),
('2023-07-12', 0),
('2023-07-13', 0),
('2023-07-14', 0),
('2023-07-15', 0),
('2023-07-16', 0),
('2023-07-17', 0),
('2023-07-18', 0),
('2023-07-19', 0),
('2023-07-20', 0),
('2023-07-21', 0),
('2023-07-22', 0),
('2023-07-23', 0),
('2023-07-24', 0),
('2023-07-25', 0),
('2023-07-26', 0),
('2023-07-27', 0),
('2023-07-28', 0),
('2023-07-29', 0),
('2023-07-30', 0),
('2023-07-31', 0),
('2023-08-01', 0),
('2023-08-02', 0),
('2023-08-03', 0),
('2023-08-04', 0),
('2023-08-05', 0),
('2023-08-06', 0),
('2023-08-07', 0),
('2023-08-08', 0),
('2023-08-09', 0),
('2023-08-10', 0),
('2023-08-11', 0),
('2023-08-12', 0),
('2023-08-13', 0),
('2023-08-14', 0),
('2023-08-15', 0),
('2023-08-16', 0),
('2023-08-17', 0),
('2023-08-18', 0),
('2023-08-19', 0),
('2023-08-20', 0),
('2023-08-21', 0),
('2023-08-22', 0),
('2023-08-23', 0),
('2023-08-24', 0),
('2023-08-25', 0),
('2023-08-26', 0),
('2023-08-27', 0),
('2023-08-28', 0),
('2023-08-29', 0),
('2023-08-30', 0),
('2023-08-31', 0),
('2023-09-01', 0),
('2023-09-02', 0),
('2023-09-03', 0),
('2023-09-04', 0),
('2023-09-05', 0),
('2023-09-06', 0),
('2023-09-07', 0),
('2023-09-08', 0),
('2023-09-09', 0),
('2023-09-10', 0),
('2023-09-11', 0),
('2023-09-12', 0),
('2023-09-13', 0),
('2023-09-14', 0),
('2023-09-15', 0),
('2023-09-16', 0),
('2023-09-17', 0),
('2023-09-18', 0),
('2023-09-19', 0),
('2023-09-20', 0),
('2023-09-21', 0),
('2023-09-22', 0),
('2023-09-23', 0),
('2023-09-24', 0),
('2023-09-25', 0),
('2023-09-26', 0),
('2023-09-27', 0),
('2023-09-28', 0),
('2023-09-29', 0),
('2023-09-30', 0),
('2023-10-01', 0),
('2023-10-02', 0),
('2023-10-03', 0),
('2023-10-04', 0),
('2023-10-05', 0),
('2023-10-06', 0),
('2023-10-07', 0),
('2023-10-08', 0),
('2023-10-09', 0),
('2023-10-10', 0),
('2023-10-11', 0),
('2023-10-12', 0),
('2023-10-13', 0),
('2023-10-14', 0),
('2023-10-15', 0),
('2023-10-16', 0),
('2023-10-17', 0),
('2023-10-18', 0),
('2023-10-19', 0),
('2023-10-20', 0),
('2023-10-21', 0),
('2023-10-22', 0),
('2023-10-23', 0),
('2023-10-24', 0),
('2023-10-25', 0),
('2023-10-26', 0),
('2023-10-27', 0),
('2023-10-28', 0),
('2023-10-29', 0),
('2023-10-30', 0),
('2023-10-31', 0),
('2023-11-01', 0),
('2023-11-02', 0),
('2023-11-03', 0),
('2023-11-04', 0),
('2023-11-05', 0),
('2023-11-06', 0),
('2023-11-07', 0),
('2023-11-08', 0),
('2023-11-09', 0),
('2023-11-10', 0),
('2023-11-11', 0),
('2023-11-12', 0),
('2023-11-13', 0),
('2023-11-14', 0),
('2023-11-15', 0),
('2023-11-16', 0),
('2023-11-17', 0),
('2023-11-18', 0),
('2023-11-19', 0),
('2023-11-20', 0),
('2023-11-21', 0),
('2023-11-22', 0),
('2023-11-23', 0),
('2023-11-24', 0),
('2023-11-25', 0),
('2023-11-26', 0),
('2023-11-27', 0),
('2023-11-28', 0),
('2023-11-29', 0),
('2023-11-30', 0),
('2023-12-01', 0),
('2023-12-02', 0),
('2023-12-03', 0),
('2023-12-04', 0),
('2023-12-05', 0),
('2023-12-06', 0),
('2023-12-07', 0),
('2023-12-08', 0),
('2023-12-09', 0),
('2023-12-10', 0),
('2023-12-11', 0),
('2023-12-12', 0),
('2023-12-13', 0),
('2023-12-14', 0),
('2023-12-15', 0),
('2023-12-16', 0),
('2023-12-17', 0),
('2023-12-18', 0),
('2023-12-19', 0),
('2023-12-20', 0),
('2023-12-21', 0),
('2023-12-22', 0),
('2023-12-23', 0),
('2023-12-24', 0),
('2023-12-25', 0),
('2023-12-26', 0),
('2023-12-27', 0),
('2023-12-28', 0),
('2023-12-29', 0),
('2023-12-30', 0),
('2023-12-31', 0);

-- --------------------------------------------------------

--
-- Structure de la table `eleves`
--

CREATE TABLE `eleves` (
  `id_eleve` int(50) NOT NULL,
  `nom` varchar(120) NOT NULL,
  `prenom` varchar(120) NOT NULL,
  `promo` varchar(120) NOT NULL,
  `adresse_mail` varchar(120) NOT NULL
) ENGINE=InnoDB DEFAULT CHARSET=utf8mb4 COLLATE=utf8mb4_general_ci;

--
-- Déchargement des données de la table `eleves`
--

INSERT INTO `eleves` (`id_eleve`, `nom`, `prenom`, `promo`, `adresse_mail`) VALUES
(1, 'Gordien', 'Alexis', 'FISA INFO', ''),
(2, 'Pronirt', 'Arthur', 'FISA INFO', ''),
(4, 'Safari', 'Elon', 'FISE INFO', ''),
(5, 'Durand', 'Marie', 'FISA S3E', 'marie.durand@example.com'),
(6, 'Lefebvre', 'Lucas', 'CPIA1', 'lucas.lefebvre@example.com'),
(7, 'Dubois', 'Sophie', 'CPIA2 INFO', 'sophie.dubois@example.com'),
(8, 'Martinez', 'Thomas', 'CPIA2 S3E', 'thomas.martinez@example.com'),
(9, 'Lecomte', 'Julie', 'FISA INFO', 'julie.lecomte@example.com'),
(10, 'Thomas', 'Pierre', 'FISA S3E', 'pierre.thomas@example.com'),
(11, 'Martin', 'Léa', 'FISE INFO', 'lea.martin@example.com'),
(12, 'Dupont', 'Nicolas', 'CPIA1', 'nicolas.dupont@example.com'),
(13, 'Petit', 'Camille', 'CPIA2 INFO', 'camille.petit@example.com'),
(14, 'Leroux', 'Élise', 'CPIA2 S3E', 'elise.leroux@example.com'),
(15, 'Girard', 'Antoine', 'FISA INFO', 'antoine.girard@example.com'),
(16, 'Muller', 'Chloé', 'FISA S3E', 'chloe.muller@example.com'),
(17, 'Beauvais', 'Lucie', 'FISE INFO', 'lucie.beauvais@example.com'),
(18, 'Fournier', 'Louis', 'CPIA1', 'louis.fournier@example.com'),
(19, 'Moreau', 'Julien', 'FISA INFO', 'julien.moreau@example.com'),
(20, 'Lefort', 'Alice', 'FISA S3E', 'alice.lefort@example.com'),
(21, 'Garnier', 'Émilie', 'FISE INFO', 'emilie.garnier@example.com'),
(22, 'Gauthier', 'Maxime', 'CPIA1', 'maxime.gauthier@example.com'),
(23, 'Roux', 'Léna', 'CPIA2 INFO', 'lena.roux@example.com'),
(24, 'Fontaine', 'Luc', 'CPIA2 S3E', 'luc.fontaine@example.com'),
(25, 'Blanc', 'Manon', 'FISA INFO', 'manon.blanc@example.com'),
(26, 'Bertrand', 'Hugo', 'FISA S3E', 'hugo.bertrand@example.com'),
(27, 'Lambert', 'Sophie', 'FISE INFO', 'sophie.lambert@example.com'),
(28, 'Guérin', 'Paul', 'CPIA1', 'paul.guerin@example.com');
-- --------------------------------------------------------

--
-- Structure de la table `presence`
--

CREATE TABLE `presence` (
  `id_presence` int(50) NOT NULL,
  `id_eleve` int(50) NOT NULL,
  `jour` date NOT NULL,
  `presence_matin` tinyint(1) NOT NULL,
  `heure_matin` time DEFAULT NULL,
  `presence_aprem` tinyint(1) NOT NULL,
  `heure_aprem` time DEFAULT NULL
) ENGINE=InnoDB DEFAULT CHARSET=utf8mb4 COLLATE=utf8mb4_general_ci;

--
-- Déchargement des données de la table `presence`
--

INSERT INTO `presence` (`id_presence`, `id_eleve`, `jour`, `presence_matin`, `heure_matin`, `presence_aprem`, `heure_aprem`) VALUES
(1, 1, '2023-09-29', 1, '10:52:00', 1, '18:06:36'),
(2, 2, '2023-09-27', 1, '10:00:00', 1, '13:00:00'),
(3, 1, '2023-09-27', 1, '10:52:00', 1, '13:00:00'),
(4, 1, '2023-09-28', 1, '10:00:00', 0, NULL),
(5, 4, '2023-09-27', 1, '09:00:00', 1, '14:00:00'),
(6, 1, '2023-09-30', 1, '01:59:45', 1, '19:00:33'),
(7, 2, '2023-09-29', 0, NULL, 1, '15:00:00'),
(10, 1, '2023-10-01', 0, NULL, 1, '16:41:29'),
(11, 1, '2023-10-02', 1, '10:07:29', 0, NULL),
(12, 1, '2023-10-03', 1, '08:46:39', 0, NULL),
(13, 1, '2023-10-06', 0, NULL, 1, '13:33:33'),
(14, 1, '2023-10-07', 0, NULL, 1, '16:37:28'),

(15, 19, '2023-09-27', 1, '10:15:00', 1, '14:30:00'),
(16, 19, '2023-09-28', 1, '10:30:00', 1, '15:30:00'),
(17, 19, '2023-09-29', 1, '10:45:00', 0, NULL),
(18, 19, '2023-09-30', 1, '11:00:00', 1, '17:00:00'),
(19, 19, '2023-10-01', 1, '11:15:00', 1, '18:00:00'),
(20, 19, '2023-10-02', 1, '11:30:00', 0, NULL),
(21, 19, '2023-10-03', 1, '11:45:00', 0, NULL),
(22, 19, '2023-10-04', 1, '12:00:00', 0, NULL),
(23, 19, '2023-10-05', 1, '12:15:00', 0, NULL),
(24, 19, '2023-10-06', 1, '12:30:00', 1, '16:30:00'),

-- Présence de l'élève 20 (Alice Lefort)
(25, 20, '2023-09-27', 1, '09:45:00', 1, '15:30:00'),
(26, 20, '2023-09-28', 1, '10:00:00', 1, '16:00:00'),
(27, 20, '2023-09-29', 1, '10:15:00', 1, '17:30:00'),
(28, 20, '2023-09-30', 1, '10:30:00', 1, '18:00:00'),
(29, 20, '2023-10-01', 1, '10:45:00', 0, NULL),
(30, 20, '2023-10-02', 1, '11:00:00', 0, NULL),
(31, 20, '2023-10-03', 1, '11:15:00', 1, '14:00:00'),

-- Elève 21

(32, 21, '2023-09-27', 1, '10:15:00', 1, '14:30:00'),
(33, 21, '2023-09-28', 1, '10:30:00', 1, '15:30:00'),
(34, 21, '2023-09-29', 1, '10:45:00', 0, NULL),
(35, 21, '2023-09-30', 1, '11:00:00', 1, '17:00:00'),
(36, 21, '2023-10-01', 1, '11:15:00', 1, '18:00:00'),
(37, 21, '2023-10-02', 1, '11:30:00', 0, NULL),
(38, 21, '2023-10-03', 1, '11:45:00', 0, NULL),
(39, 21, '2023-10-04', 1, '12:00:00', 0, NULL),
(40, 21, '2023-10-05', 1, '12:15:00', 0, NULL),
(41, 21, '2023-10-06', 1, '12:30:00', 1, '16:30:00'),


-- Elève 4
(48, 4, '2023-09-27', 1, '09:15:00', 1, '14:00:00'),
(49, 4, '2023-09-28', 1, '10:30:00', 0, NULL),
(50, 4, '2023-09-29', 1, '10:15:00', 1, '13:30:00'),
(51, 4, '2023-09-30', 1, '10:00:00', 1, '13:30:00'),
(52, 4, '2023-10-01', 1, '09:30:00', 1, '12:30:00'),
(53, 4, '2023-10-02', 1, '10:45:00', 1, '14:45:00'),

-- Elève 5
(54, 5, '2023-09-27', 1, '09:15:00', 1, '14:00:00'),
(55, 5, '2023-09-28', 1, '10:30:00', 0, NULL),
(56, 5, '2023-09-29', 1, '10:15:00', 1, '13:30:00'),
(57, 5, '2023-09-30', 1, '10:00:00', 1, '13:30:00'),
(58, 5, '2023-10-01', 1, '09:30:00', 0, NULL),
(59, 5, '2023-10-02', 0, NULL, 1, '14:45:00'),

(60, 6, '2023-09-27', 1, '10:30:00', 1, '13:00:00'),
(61, 6, '2023-09-28', 1, '09:45:00', 0, NULL),
(62, 6, '2023-09-29', 1, '10:15:00', 1, '14:00:00'),
(63, 6, '2023-09-30', 1, '10:00:00', 1, '13:30:00'),
(64, 6, '2023-10-01', 1, '09:30:00', 1, '12:30:00'),
(65, 6, '2023-10-02', 1, '10:45:00', 1, '14:45:00'),

-- Élève 7
(66, 7, '2023-09-27', 1, '09:15:00', 1, '14:00:00'),
(67, 7, '2023-09-28', 1, '10:30:00', 0, NULL),
(68, 7, '2023-09-29', 0, NULL, 1, '13:30:00'),
(69, 7, '2023-09-30', 1, '10:00:00', 1, '13:30:00'),
(70, 7, '2023-10-01', 1, '09:30:00', 1, '12:30:00'),
(71, 7, '2023-10-02', 0, NULL, 0, NULL),

-- Élève 8
(72, 8, '2023-09-27', 1, '10:30:00', 1, '13:00:00'),
(73, 8, '2023-09-28', 0, NULL, 0, NULL),
(74, 8, '2023-09-29', 1, '10:15:00', 1, '14:00:00'),
(75, 8, '2023-09-30', 1, '10:00:00', 1, '13:30:00'),
(76, 8, '2023-10-01', 1, '09:30:00', 1, '12:30:00'),
(77, 8, '2023-10-02', 1, '10:45:00', 1, '14:45:00'),

-- Élève 9
(78, 9, '2023-09-27', 0, NULL, 1, '13:00:00'),
(79, 9, '2023-09-28', 1, '09:45:00', 1, '14:00:00'),
(80, 9, '2023-09-29', 1, '10:15:00', 1, '14:00:00'),
(81, 9, '2023-09-30', 1, '10:00:00', 1, '13:30:00'),
(82, 9, '2023-10-01', 1, '09:30:00', 0, NULL),
(83, 9, '2023-10-02', 1, '10:45:00', 1, '14:45:00'),

-- Élève 10
(84, 10, '2023-09-27', 1, '09:15:00', 1, '14:00:00'),
(85, 10, '2023-09-28', 1, '10:30:00', 1, '14:00:00'),
(86, 10, '2023-09-29', 1, '10:15:00', 1, '13:30:00'),
(87, 10, '2023-09-30', 1, '10:00:00', 1, '13:30:00'),
(88, 10, '2023-10-01', 1, '09:30:00', 1, '12:30:00'),
(89, 10, '2023-10-02', 1, '10:45:00', 1, '14:45:00'),

-- Élève 11
(90, 11, '2023-09-27', 1, '10:30:00', 1, '13:00:00'),
(91, 11, '2023-09-28', 1, '09:45:00', 0, NULL),
(92, 11, '2023-09-29', 1, '10:15:00', 1, '14:00:00'),
(93, 11, '2023-09-30', 1, '10:00:00', 1, '13:30:00'),
(94, 11, '2023-10-01', 0, NULL, 0, NULL),
(95, 11, '2023-10-02', 1, '10:45:00', 1, '14:45:00'),

-- Élève 12
(96, 12, '2023-09-27', 1, '10:30:00', 1, '13:00:00'),
(97, 12, '2023-09-28', 1, '09:45:00', 0, NULL),
(98, 12, '2023-09-29', 1, '10:15:00', 1, '14:00:00'),
(99, 12, '2023-09-30', 0, NULL, 0, NULL),
(100, 12, '2023-10-01', 1, '09:30:00', 1, '12:30:00'),
(101, 12, '2023-10-02', 1, '10:45:00', 1, '14:45:00'),

-- Élève 13
(102, 13, '2023-09-27', 1, '09:15:00', 1, '14:00:00'),
(103, 13, '2023-09-28', 1, '10:30:00', 1, '13:00:00'),
(104, 13, '2023-09-29', 1, '10:15:00', 1, '13:30:00'),
(105, 13, '2023-09-30', 1, '10:00:00', 1, '13:30:00'),
(106, 13, '2023-10-01', 1, '09:30:00', 1, '12:30:00'),
(107, 13, '2023-10-02', 1, '10:45:00', 1, '14:45:00'),

-- Élève 14
(108, 14, '2023-09-27', 1, '10:30:00', 1, '13:00:00'),
(109, 14, '2023-09-28', 1, '09:45:00', 1, '13:00:00'),
(110, 14, '2023-09-29', 1, '10:15:00', 1, '14:00:00'),
(111, 14, '2023-09-30', 1, '10:00:00', 1, '13:30:00'),
(112, 14, '2023-10-01', 1, '09:30:00', 1, '12:30:00'),
(113, 14, '2023-10-02', 1, '10:45:00', 1, '14:45:00'),

-- Élève 15
(114, 15, '2023-09-27', 1, '10:30:00', 1, '13:00:00'),
(115, 15, '2023-09-28', 1, '09:45:00', 1, '13:00:00'),
(116, 15, '2023-09-29', 1, '10:15:00', 1, '14:00:00'),
(117, 15, '2023-09-30', 1, '10:00:00', 1, '13:30:00'),
(118, 15, '2023-10-01', 1, '09:30:00', 1, '12:30:00'),
(119, 15, '2023-10-02', 1, '10:45:00', 1, '14:45:00'),

-- Élève 16
(120, 16, '2023-09-27', 1, '09:15:00', 1, '14:00:00'),
(121, 16, '2023-09-28', 1, '10:30:00', 0, NULL),
(122, 16, '2023-09-29', 1, '10:15:00', 1, '13:30:00'),
(123, 16, '2023-09-30', 0, NULL, 1, '13:30:00'),
(124, 16, '2023-10-01', 1, '09:30:00', 1, '12:30:00'),
(125, 16, '2023-10-02', 0, NULL, 1, '14:45:00'),

-- Élève 17
(126, 17, '2023-09-27', 1, '10:30:00', 1, '13:00:00'),
(127, 17, '2023-09-28', 1, '09:45:00', 0, NULL),
(128, 17, '2023-09-29', 1, '10:15:00', 1, '14:00:00'),
(129, 17, '2023-09-30', 1, '10:00:00', 1, '13:30:00'),
(130, 17, '2023-10-01', 1, '09:30:00', 0, NULL),
(131, 17, '2023-10-02', 1, '10:45:00', 1, '14:45:00'),

-- Élève 18
(132, 18, '2023-09-27', 1, '10:30:00', 1, '13:00:00'),
(133, 18, '2023-09-28', 1, '09:45:00', 0, NULL),
(134, 18, '2023-09-29', 1, '10:15:00', 1, '14:00:00'),
(135, 18, '2023-09-30', 1, '10:00:00', 1, '13:30:00'),
(136, 18, '2023-10-01', 1, '09:30:00', 0, NULL),
(137, 18, '2023-10-02', 1, '10:45:00', 1, '14:45:00'),

-- Élève 21
(138, 21, '2023-09-27', 1, '10:30:00', 1, '13:00:00'),
(139, 21, '2023-09-28', 1, '09:45:00', 0, NULL),
(140, 21, '2023-09-29', 1, '10:15:00', 1, '14:00:00'),
(141, 21, '2023-09-30', 1, '10:00:00', 1, '13:30:00'),
(142, 21, '2023-10-01', 1, '09:30:00', 1, '12:30:00'),
(143, 21, '2023-10-02', 1, '10:45:00', 1, '14:45:00'),

-- Élève 22
(144, 22, '2023-09-27', 1, '09:15:00', 1, '14:00:00'),
(145, 22, '2023-09-28', 1, '10:30:00', 0, NULL),
(146, 22, '2023-09-29', 1, '10:15:00', 1, '13:30:00'),
(147, 22, '2023-09-30', 0, NULL, 1, '13:30:00'),
(148, 22, '2023-10-01', 0, NULL, 1, '12:30:00'),
(149, 22, '2023-10-02', 1, '10:45:00', 1, '14:45:00'),

-- Élève 23
(150, 23, '2023-09-27', 1, '10:30:00', 1, '13:00:00'),
(151, 23, '2023-09-28', 1, '09:45:00', 0, NULL),
(152, 23, '2023-09-29', 1, '10:15:00', 1, '14:00:00'),
(153, 23, '2023-09-30', 1, '10:00:00', 1, '13:30:00'),
(154, 23, '2023-10-01', 1, '09:30:00', 1, '12:30:00'),
(155, 23, '2023-10-02', 1, '10:45:00', 1, '14:45:00'),

-- Élève 24
(156, 24, '2023-09-27', 0, NULL, 1, '13:00:00'),
(157, 24, '2023-09-28', 1, '09:45:00', 0, NULL),
(158, 24, '2023-09-29', 1, '10:15:00', 1, '14:00:00'),
(159, 24, '2023-09-30', 1, '10:00:00', 1, '13:30:00'),
(160, 24, '2023-10-01', 1, '09:30:00', 1, '12:30:00'),
(161, 24, '2023-10-02', 1, '10:45:00', 1, '14:45:00'),

-- Élève 25
(162, 25, '2023-09-27', 1, '09:15:00', 1, '14:00:00'),
(163, 25, '2023-09-28', 1, '10:30:00', 0, NULL),
(164, 25, '2023-09-29', 1, '10:15:00', 1, '13:30:00'),
(165, 25, '2023-09-30', 1, '10:00:00', 1, '13:30:00'),
(166, 25, '2023-10-01', 0, NULL, 1, '12:30:00'),
(167, 25, '2023-10-02', 1, '10:45:00', 1, '14:45:00'),

-- Élève 26
(168, 26, '2023-09-27', 1, '10:30:00', 1, '13:00:00'),
(169, 26, '2023-09-28', 1, '09:45:00', 0, NULL),
(170, 26, '2023-09-29', 1, '10:15:00', 1, '14:00:00'),
(171, 26, '2023-09-30', 1, '10:00:00', 1, '13:30:00'),
(172, 26, '2023-10-01', 0, NULL, 1, '12:30:00'),
(173, 26, '2023-10-02', 1, '10:45:00', 1, '14:45:00'),

-- Élève 27
(174, 27, '2023-09-27', 1, '09:15:00', 1, '14:00:00'),
(175, 27, '2023-09-28', 1, '10:30:00', 0, NULL),
(176, 27, '2023-09-29', 1, '10:15:00', 1, '13:30:00'),
(177, 27, '2023-09-30', 1, '10:00:00', 1, '13:30:00'),
(178, 27, '2023-10-01', 1, '09:30:00', 1, '12:30:00'),
(179, 27, '2023-10-02', 1, '10:45:00', 1, '14:45:00'),

-- Élève 28
(180, 28, '2023-09-27', 1, '10:30:00', 1, '13:00:00'),
(181, 28, '2023-09-28', 1, '09:45:00', 0, NULL),
(182, 28, '2023-09-29', 1, '10:15:00', 1, '14:00:00'),
(183, 28, '2023-09-30', 1, '10:00:00', 1, '13:30:00'),
(184, 28, '2023-10-01', 1, '09:30:00', 1, '12:30:00'),
(185, 28, '2023-10-02', 1, '10:45:00', 1, '14:45:00');

-- --------------------------------------------------------

--
-- Structure de la table `users`
--

CREATE TABLE `users` (
  `id_user` int(50) NOT NULL,
  `name` varchar(120) NOT NULL,
  `password` varchar(120) NOT NULL,
  `role` int(2) NOT NULL
) ENGINE=InnoDB DEFAULT CHARSET=utf8mb4 COLLATE=utf8mb4_general_ci;

--
-- Déchargement des données de la table `users`
--

INSERT INTO `users` (`id_user`, `name`, `password`, `role`) VALUES
(2, 'admin', '*4ACFE3202A5FF5CF467898FC58AAB1D615029441', 1);

--
-- Index pour les tables déchargées
--

--
-- Index pour la table `calendrier`
--
ALTER TABLE `calendrier`
  ADD PRIMARY KEY (`jour`);

--
-- Index pour la table `eleves`
--
ALTER TABLE `eleves`
  ADD PRIMARY KEY (`id_eleve`);

--
-- Index pour la table `presence`
--
ALTER TABLE `presence`
  ADD PRIMARY KEY (`id_presence`),
  ADD KEY `id_eleve` (`id_eleve`);

--
-- Index pour la table `users`
--
ALTER TABLE `users`
  ADD PRIMARY KEY (`id_user`);

--
-- AUTO_INCREMENT pour les tables déchargées
--

--
-- AUTO_INCREMENT pour la table `eleves`
--
ALTER TABLE `eleves`
  MODIFY `id_eleve` int(50) NOT NULL AUTO_INCREMENT, AUTO_INCREMENT=5;

--
-- AUTO_INCREMENT pour la table `presence`
--
ALTER TABLE `presence`
  MODIFY `id_presence` int(50) NOT NULL AUTO_INCREMENT, AUTO_INCREMENT=15;

--
-- AUTO_INCREMENT pour la table `users`
--
ALTER TABLE `users`
  MODIFY `id_user` int(50) NOT NULL AUTO_INCREMENT, AUTO_INCREMENT=3;

--
-- Contraintes pour les tables déchargées
--

--
-- Contraintes pour la table `presence`
--
ALTER TABLE `presence`
  ADD CONSTRAINT `presence_ibfk_1` FOREIGN KEY (`id_eleve`) REFERENCES `eleves` (`id_eleve`);
COMMIT;

/*!40101 SET CHARACTER_SET_CLIENT=@OLD_CHARACTER_SET_CLIENT */;
/*!40101 SET CHARACTER_SET_RESULTS=@OLD_CHARACTER_SET_RESULTS */;
/*!40101 SET COLLATION_CONNECTION=@OLD_COLLATION_CONNECTION */;
